UNIQUEID,GENE,MUTATION,NUCLEOTIDE_NUMBER,NUCLEOTIDE_INDEX,GENE_POSITION,ALT,REF,CODES_PROTEIN,INDEL_LENGTH,INDEL_NUCLEOTIDES,IS_CDS,IS_HET,IS_NULL,IS_PROMOTER,IS_SNP,AMINO_ACID_NUMBER,AMINO_ACID_SEQUENCE,IS_SYNONYMOUS,IS_NONSYNONYMOUS,NUMBER_NUCLEOTIDE_CHANGES
syn-illumina-WHO,rpoB,S450L,,,450,ttg,tcg,True,,,True,False,False,False,True,450,L,False,True,1
syn-illumina-WHO,katG,S315T,,,315,acc,agc,True,,,True,False,False,False,True,315,T,False,True,1
syn-illumina-WHO,pncA,D136N,,,136,aat,gat,True,,,True,False,False,False,True,136,N,False,True,1
syn-illumina-WHO,gyrA,A90V,,,90,gtg,gcg,True,,,True,False,False,False,True,90,V,False,True,1
syn-illumina-WHO,embB,M306I,,,306,att,atg,True,,,True,False,False,False,True,306,I,False,True,1
syn-illumina-WHO,rrs,a1401g,1401,1473246,1401,g,a,False,,,False,False,False,False,True,,,False,False,0
syn-illumina-WHO,rpoB,1291_ins_cca,1291,761097,1291,,,True,3,cca,True,False,False,False,False,,,False,False,0
syn-illumina-WHO,rpoB,1291_ins_3,1291,761097,1291,,,True,3,cca,True,False,False,False,False,,,False,False,0
syn-illumina-WHO,rpoB,1291_indel,1291,761097,1291,,,True,3,cca,True,False,False,False,False,,,False,False,0
syn-illumina-WHO,ethA,V419V,,,419,gtt,gtc,True,,,True,False,False,False,True,419,V,True,False,1
syn-illumina-WHO,ethA,E420R,,,420,agg,gag,True,,,True,False,False,False,True,420,R,False,True,2
syn-illumina-WHO,ethA,R421A,,,421,gca,cga,True,,,True,False,False,False,True,421,A,False,True,2
syn-illumina-WHO,ethA,P422T,,,422,acg,ccg,True,,,True,False,False,False,True,422,T,False,True,1
syn-illumina-WHO,katG,1441_ins_ctagtttcgaccgcatgggcggcggcg,1441,2154671,1441,,,True,27,ctagtttcgaccgcatgggcggcggcg,True,False,False,False,False,,,False,False,0
syn-illumina-WHO,katG,1441_ins_27,1441,2154671,1441,,,True,27,ctagtttcgaccgcatgggcggcggcg,True,False,False,False,False,,,False,False,0
syn-illumina-WHO,katG,1441_indel,1441,2154671,1441,,,True,27,ctagtttcgaccgcatgggcggcggcg,True,False,False,False,False,,,False,False,0
syn-illumina-WHO,tlyA,95_del_tgcgcatcgacgggctgccggcggtcaagccggccaccgccgtgtccga,95,1918034,95,,,True,-49,tgcgcatcgacgggctgccggcggtcaagccggccaccgccgtgtccga,True,False,False,False,False,,,False,False,0
syn-illumina-WHO,tlyA,95_del_49,95,1918034,95,,,True,-49,tgcgcatcgacgggctgccggcggtcaagccggccaccgccgtgtccga,True,False,False,False,False,,,False,False,0
syn-illumina-WHO,tlyA,95_indel,95,1918034,95,,,True,-49,tgcgcatcgacgggctgccggcggtcaagccggccaccgccgtgtccga,True,False,False,False,False,,,False,False,0
syn-illumina-WHO,gid,54_del_ttcggcgtaccgccgagca,54,4408131,54,,,True,-19,ttcggcgtaccgccgagca,True,False,False,False,False,,,False,False,0
syn-illumina-WHO,gid,54_del_19,54,4408131,54,,,True,-19,ttcggcgtaccgccgagca,True,False,False,False,False,,,False,False,0
syn-illumina-WHO,gid,54_indel,54,4408131,54,,,True,-19,ttcggcgtaccgccgagca,True,False,False,False,False,,,False,False,0
syn-illumina-WHO,gid,G34G,,,34,gga,ggg,True,,,True,False,False,False,True,34,G,True,False,1
syn-illumina-WHO,gyrA,A434A,,,434,gcg,gca,True,,,True,False,False,False,True,434,A,True,False,1
syn-illumina-WHO,gyrA,A445A,,,445,gcg,gca,True,,,True,False,False,False,True,445,A,True,False,1
syn-illumina-WHO,gyrA,E447E,,,447,gag,gaa,True,,,True,False,False,False,True,447,E,True,False,1
syn-illumina-WHO,gyrA,L440L,,,440,tta,ttg,True,,,True,False,False,False,True,440,L,True,False,1
syn-illumina-WHO,gyrA,R441R,,,441,cga,cgg,True,,,True,False,False,False,True,441,R,True,False,1
syn-illumina-WHO,gyrA,R442R,,,442,cga,cgc,True,,,True,False,False,False,True,442,R,True,False,1
syn-illumina-WHO,gyrA,R448R,,,448,cga,cgc,True,,,True,False,False,False,True,448,R,True,False,1
syn-illumina-WHO,gyrA,A384V,,,384,gta,gca,True,,,True,False,False,False,True,384,V,False,True,1
syn-illumina-WHO,gyrA,S95T,,,95,acc,agc,True,,,True,False,False,False,True,95,T,False,True,1
syn-illumina-WHO,rrs,g1483t,1483,1473329,1483,t,g,False,,,False,False,False,False,True,,,False,False,0
syn-illumina-WHO,rrs,a513c,513,1472359,513,c,a,False,,,False,False,False,False,True,,,False,False,0
syn-illumina-WHO,gyrA,c-34t,-34,7268,-34,t,c,True,,,False,False,False,True,True,,,False,False,0