UNIQUEID,VARIANT,IS_SNP,NUCLEOTIDE_INDEX,IS_INDEL,IS_NULL,IS_HET,INDEL_LENGTH,INDEL_NUCLEOTIDES
syn-illumina-WHO,761155c>t,True,761155,False,False,False,0,
syn-illumina-WHO,2155168c>g,True,2155168,False,False,False,0,
syn-illumina-WHO,2288836c>t,True,2288836,False,False,False,0,
syn-illumina-WHO,7570c>t,True,7570,False,False,False,0,
syn-illumina-WHO,4247431g>t,True,4247431,False,False,False,0,
syn-illumina-WHO,1473246a>g,True,1473246,False,False,False,0,
syn-illumina-WHO,761097_ins_cca,False,761097,True,False,False,3,cca
syn-illumina-WHO,761097_ins_3,False,761097,True,False,False,3,cca
syn-illumina-WHO,761097_indel,False,761097,True,False,False,3,cca
syn-illumina-WHO,4326217g>a,True,4326217,False,False,False,0,
syn-illumina-WHO,4326216c>t,True,4326216,False,False,False,0,
syn-illumina-WHO,4326215t>c,True,4326215,False,False,False,0,
syn-illumina-WHO,4326213g>c,True,4326213,False,False,False,0,
syn-illumina-WHO,4326212c>g,True,4326212,False,False,False,0,
syn-illumina-WHO,4326210g>t,True,4326210,False,False,False,0,
syn-illumina-WHO,2154671_ins_cgccgccgcccatgcggtcgaaactag,False,2154671,True,False,False,27,cgccgccgcccatgcggtcgaaactag
syn-illumina-WHO,2154671_ins_27,False,2154671,True,False,False,27,cgccgccgcccatgcggtcgaaactag
syn-illumina-WHO,2154671_indel,False,2154671,True,False,False,27,cgccgccgcccatgcggtcgaaactag
syn-illumina-WHO,1918034_del_gcgcatcgacgggctgccggcggtcaagccggccaccgccgtgtccgac,False,1918034,True,False,False,-49,gcgcatcgacgggctgccggcggtcaagccggccaccgccgtgtccgac
syn-illumina-WHO,1918034_del_49,False,1918034,True,False,False,-49,gcgcatcgacgggctgccggcggtcaagccggccaccgccgtgtccgac
syn-illumina-WHO,1918034_indel,False,1918034,True,False,False,-49,gcgcatcgacgggctgccggcggtcaagccggccaccgccgtgtccgac
syn-illumina-WHO,4408131_del_tcggcgtaccgccgagcaa,False,4408131,True,False,False,-19,tcggcgtaccgccgagcaa
syn-illumina-WHO,4408131_del_19,False,4408131,True,False,False,-19,tcggcgtaccgccgagcaa
syn-illumina-WHO,4408131_indel,False,4408131,True,False,False,-19,tcggcgtaccgccgagcaa
syn-illumina-WHO,4408101c>t,True,4408101,False,False,False,0,
syn-illumina-WHO,8603a>g,True,8603,False,False,False,0,
syn-illumina-WHO,8636a>g,True,8636,False,False,False,0,
syn-illumina-WHO,8642a>g,True,8642,False,False,False,0,
syn-illumina-WHO,8621g>a,True,8621,False,False,False,0,
syn-illumina-WHO,8624g>a,True,8624,False,False,False,0,
syn-illumina-WHO,8627c>a,True,8627,False,False,False,0,
syn-illumina-WHO,8645c>a,True,8645,False,False,False,0,
syn-illumina-WHO,8452c>t,True,8452,False,False,False,0,
syn-illumina-WHO,7585g>c,True,7585,False,False,False,0,
syn-illumina-WHO,1473329g>t,True,1473329,False,False,False,0,
syn-illumina-WHO,1472359a>c,True,1472359,False,False,False,0,
syn-illumina-WHO,7268c>t,True,7268,False,False,False,0,
